...1,Red Lights Camera Charges by Locaiton and Year,...3,...4,...5,...6,...7,...8,...9,...10,...11,...12,...13,Published: December 2022,...15,...16,...17
NA,NA,NA,NA,NA,NA,NA,NA,NA,NA,NA,NA,NA,NA,NA,NA,NA
Charges Laid by Location & Year,2007,2008,2009,2010,2011,2012,2013,2014,2015,2016,2017**,2018,2019,2020,2021,2022
Richmond St. and Parliament St.,46,1208,909,998,827,1100,812,721,809,829,3994,6615,2937,2106,1400,1290
Lake Shore Blvd. and York St.,42,635,165,238,394,592,249,310,410,271,45,324,321,1197,840,757
Steeles Ave. and Carpenter Rd.,70,1061,1123,835,782,999,834,747,436,601,528,804,623,920,1830,1794
Steeles Ave. and Hilda Ave.,25,625,527,760,846,1000,906,632,710,786,501,639,455,627,1314,1558
Albion Rd. and Silverstone Dr.,222,1467,1137,1092,975,1213,1289,1071,779,797,604,0,1181,947,912,1196
Albion Rd. and Finch Ave.*,0,0,93,171,145,251,160,110,70,143,32,0,0,0,0,NA
Dixon Rd. and Kipling Ave.,0,160,86,75,96,136,106,86,56,123,27,71,99,82,30,48
Steeles Ave. and Islington Ave.,0,34,193,181,420,463,405,386,269,452,190,377,410,1313,430,262
Sheppard Ave. and Wilson Heights Blvd.,0,0,140,189,169,165,159,98,160,155,34,137,147,94,90,108
Bathurst St. and Sheppard Ave.,5,223,165,117,188,198,144,113,132,131,23,173,150,65,179,201
Lawrence Ave. and Marlee Ave.,0,436,494,454,288,228,353,275,217,193,213,283,371,307,458,515
Lawrence Ave. and Bathurst St.,0,54,161,74,90,207,151,174,188,168,24,71,113,342,176,0
Bayview Ave. and Cummer Ave.,0,0,590,943,811,1227,1194,973,879,1054,1004,885,1105,2601,2346,2899
Finch Ave. and Willowdale Ave.,0,0,184,217,0,233,182,169,176,180,22,118,57,0,0*,NA
Leslie St. and Lawrence Ave.,0,139,132,225,165,227,176,121,95,126,18,80,84,57,166,207
Leslie St. and York Mills Rd.,0,9,50,141,145,207,128,147,133,139,21,101,105,114,216,336
Bayview Ave. and Truman Rd. / Fifeshire Rd.,0,1416,1962,2291,1966,2210,1589,1093,1163,1994,1934,1648,1591,3383,3679,3106
Midland Ave. and McNicoll Ave.,0,121,395,383,356,307,238,253,341,344,152,187,81,359,431,324
Steeles Ave. and Birchmount Rd.,0,0,276,209,411,482,345,295,289,318,183,452,213,136,1475,1558
Warden Ave. and Arkona Dr. / Cloverleaf Gt.,0,369,1218,1235,1113,1351,914,844,901,1322,1223,1099,1058,1074,773,1153
Steeles Ave. and Brimley Rd.,0,365,462,402,283,552,477,370,334,379,201,269,224,224,193,229
College St. and Bathurst St.,0,22,109,117,43,127,71,15,108,142,34,501,583,472,548,559
Lawrence Ave. and Morningside Ave.,0,11,44,86,88,119,127,126,141,143,26,155,187,183,120,68
Dixon Rd. and Carlingview Dr.,0,0,79,482,332,551,435,260,339,358,425,158,180,238,187,251
Dufferin St. and Glencairn Ave.,0,0,457,933,527,998,785,948,606,619,544,610,616,2498,2149,1567
Overlea Blvd. and Thorncliffe Park Dr. / Beth Nealson Dr.,0,59,234,253,228,232,211,184,243,235,122,153,178,151,326,376
Ellesmere Rd. and Kennedy Rd.,0,225,217,256,189,235,266,232,276,326,120,251,191,729,474,477
Finch Ave. and Leslie St.,0,38,123,260,203,229,241,194,137,195,92,135,179,414,314,270
Birchmount Rd. and Huntingwood Dr.,0,0,610,795,618,491,692,556,555,507,354,459,439,378,509,36
Kingston Rd. and Port Union Rd. / Sheppard Ave.,0,60,27,48,67,82,86,95,95,78,20,95,113,92,89,68
Bloor St. and The West Mall,0,0,117,240,232,333,253,202,183,184,38,205,190,539,783,1070
The Queensway and The West Mall,0,27,216,79,224,369,494,811,346,368,400,240,266,234,221,269
Lake Shore Blvd. and Thirty Seventh St.,0,0,625,869,480,885,668,268,1015,709,655,948,1000,975,767,774
Kipling Ave. and Horner Ave.,0,29,20,11,5,34,35,32,20,16,1,22,63,125,54,66
The Queensway and North Queen St.,0,1,71,119,126,201,186,116,111,197,68,185,154,164,159,106
Wilson Ave. and Transit Rd. / Billy Bishop Way,0,11,108,542,274,479,476,293,475,650,489,544,329,256,177,191
Lake Shore Blvd. and Windermere Ave.,0,579,389,1040,955,1220,1366,770,896,1288,1344,1587,1367,875,733,474
Warden Ave. and McNicoll Ave.,0,0,643,1482,1283,1296,1176,915,810,329,209,402,389,348,946,1173
Keele St. and Wilson Ave.,0,49,66,80,57,89,93,77,58,79,18,72,106,68,51,114
Dupont St. and Lansdowne Ave.,0,380,177,116,216,380,331,237,346,742,1518,852,773,1155,948,958
Queen St. and Lansdowne Ave. / Jameson Ave.,0,0,162,344,350,802,564,812,1056,1145,943,746,1498,794,605,935
Burnhamthorpe Rd. and The East Mall,0,241,328,168,161,0,504,422,504,530,314,561,408,421,382,417
Sheppard Ave. and Keele St.,0,0,50,63,82,111,126,85,97,99,18,62,90,39,82,0
Eglinton Ave. and Bermondsey Rd. / Sloane Ave.*,0,835,677,889,522,535,647,705,604,609,317,0,0,0,0,NA
Jane St. and Bala Ave. / Emmett Ave.,0,1056,1060,1037,936,869,628,1049,990,882,344,537,350,608,586,348
Jane St. and Clair Rd. / Spenvalley Dr.,0,472,1883,1353,1308,927,1082,77,345,1300,958,1069,1412,1524,1065,1004
O Connor Dr. and Bermondsey Rd. / Yardley Ave.,0,150,320,348,190,387,251,285,345,358,142,276,206,643,449,282
Danforth Ave. and Birchmount Rd.,0,309,220,328,269,286,287,125,200,332,145,258,203,237,139,152
Islington Ave. and The Westway,0,8,308,910,385,596,833,673,689,706,480,446,308,496,1242,818
Bathurst St. and Davenport Rd.,0,0,22,0,47,0,0,286,589,2662,2430,1587,2120,1015,800,1625
Warden Ave. and Comstock Rd.,0,104,542,494,248,274,367,338,351,539,218,334,291,280,281,419
Eglinton Ave. and Victoria Park Ave.*,0,4,221,474,327,447,431,402,322,375,283,0,0,0,0,NA
Eastern Ave. and Coxwell Ave.,0,0,47,181,129,164,178,189,138,151,86,219,324,259,169,374
Jarvis St. and Dundas St.*,0,0,346,494,365,427,303,254,290,465,0,0,0,0,0,NA
Midland Ave. and Progress Ave.,0,0,43,129,98,119,213,199,212,211,81,154,53,45,197,215
Lawrence Ave. and Bellamy Rd.,0,1,123,291,228,302,196,48,494,502,283,503,540,418,722,720
Eglinton Ave. and Birchmount Rd.*,0,2,56,197,181,234,271,219,225,249,121,0,0,0,0,NA
Danforth Rd. and Birchmount Rd.,0,0,7,71,58,70,55,74,75,60,4,44,40,0,79,186
St. Clair Ave. and Brimley Rd.,0,0,113,293,183,288,287,249,331,306,159,350,369,198,134,0
Keele St. and Lawrence Ave.,0,0,180,188,138,167,135,152,141,128,18,92,134,77,480,542
Bloor St. and Ossington Ave.,0,0,0,0,21,141,107,46,275,257,88,789,744,486,598,770
Danforth Ave. and Greenwood Ave.,0,0,0,557,205,299,468,631,544,613,3586,3551,2622,0,0,0
Queen St. and Woodbine Ave.,0,0,25,28,8,16,13,35,23,175,40,80,100,116,77,62
Jarvis St. and King St.,0,0,83,187,104,94,138,97,122,200,588,1318,1254,636,839,822
Lake Shore Blvd. and Leslie St.,0,1,252,722,512,612,334,3,16,386,191,346,304,195,190,199
Lower Jarvis St. and The Esplanade,0,0,414,891,108,0,284,727,665,692,2708,2500,1661,1131,447,1243
Lake Shore Blvd. and Carlaw Ave.,0,0,214,1173,546,1097,768,623,583,732,566,650,601,305,343,345
Keele St. and Rogers Rd.,0,0,102,262,153,203,151,213,212,242,87,546,1309,1046,300,175
Bloor St. and Dundas St.,0,0,129,348,146,297,328,267,226,198,824,992,851,589,897,1040
Yonge St. and Lawrence Ave.,0,0,188,131,740,963,864,772,402,255,155,272,211,271,1360,1339
Spadina Ave. and Adelaide St.*,0,0,0,38,63,5,110,134,175,206,71,15,22,0,0,NA
Eglinton Ave. and Spadina Rd.,0,0,0,752,813,954,774,683,683,713,975,601,420,722,631,432
Eglinton Ave. and Mount Pleasant Rd.*,0,0,93,221,156,109,121,143,149,24,0,0,0,0,0,NA
Lawrence Ave. and Don Mills Rd.,0,0,30,86,68,63,90,85,86,112,11,40,80,81,68,66
Neilson Rd. and Sheppard Ave.,0,0,108,248,150,162,149,136,174,203,51,134,144,102,74,80
Sheppard Ave. and Malvern St. / Progress Ave.,0,0,73,622,695,584,507,287,1038,829,655,801,780,875,923,1218
Ellesmere Rd. and Military Trl.,0,0,81,684,531,667,539,691,589,564,392,374,361,347,406,634
Kennedy Rd. and HWY 401 C E Kennedy Off Ramp / William Kitchen Rd.,NA,NA,NA,NA,NA,NA,NA,NA,NA,NA,104,5641,5454,4890,2662,2273
University Ave. and Richmond St.,NA,NA,NA,NA,NA,NA,NA,NA,NA,NA,1334,2941,3106,1325,0,1041
Adelaide St. and Parliament St.,NA,NA,NA,NA,NA,NA,NA,NA,NA,NA,718,808,1189,435,263,743
University Ave. and Adelaide St.,NA,NA,NA,NA,NA,NA,NA,NA,NA,NA,244,1009,908,685,719,1667
Dixon Rd. and Martin Grove Rd.,NA,NA,NA,NA,NA,NA,NA,NA,NA,NA,150,314,240,217,111,77
University Ave. and Queen St.,NA,NA,NA,NA,NA,NA,NA,NA,NA,NA,740,2287,2292,1407,871,NA
Keele St. and Wilson Ave.,NA,NA,NA,NA,NA,NA,NA,NA,NA,NA,172,490,485,493,450,726
Lake Shore Blvd. and Spadina Ave. / Lower Spadina Ave.,NA,NA,NA,NA,NA,NA,NA,NA,NA,NA,439,437,289,1267,1142,1171
Lake Shore Blvd. and Park Lawn Rd. / Marine Parade Dr.,NA,NA,NA,NA,NA,NA,NA,NA,NA,NA,71,230,288,309,310,363
Sheppard Ave. and Bayview Ave.,NA,NA,NA,NA,NA,NA,NA,NA,NA,NA,57,127,105,84,73,259
Steeles Ave. and Weston Rd.,NA,NA,NA,NA,NA,NA,NA,NA,NA,NA,58,251,185,229,286,240
Lawrence Ave. and Greencedar Crct. / Greenbrae Crct.,NA,NA,NA,NA,NA,NA,NA,NA,NA,NA,506,901,709,711,1212,950
Finch Ave. and Birchmount Rd.,NA,NA,NA,NA,NA,NA,NA,NA,NA,NA,108,98,111,144,130,155
Finch Ave. and Sentinel Rd.*,NA,NA,NA,NA,NA,NA,NA,NA,NA,NA,341,149,0,0,0,NA
Bloor St. and The East Mall,NA,NA,NA,NA,NA,NA,NA,NA,NA,NA,9,143,125,295,221,268
Albion Rd. and Finch Ave.*,NA,NA,NA,NA,NA,NA,NA,NA,NA,NA,116,56,0,0,0,NA
Wilson Ave. and Jane St.,NA,NA,NA,NA,NA,NA,NA,NA,NA,NA,254,216,173,561,410,329
Warden Ave. and McNicoll Ave.,NA,NA,NA,NA,NA,NA,NA,NA,NA,NA,526,622,534,652,661,749
Finch Ave. and Martin Grove Rd.*,NA,NA,NA,NA,NA,NA,NA,NA,NA,NA,123,55,0,0,0,NA
Steeles Ave. and Keele St.,NA,NA,NA,NA,NA,NA,NA,NA,NA,NA,255,257,102,0,0,0
University Ave. and Wellington St.,NA,NA,NA,NA,NA,NA,NA,NA,NA,NA,994,2856,1972,1620,1630,832
Albion Rd. and Kipling Ave.,NA,NA,NA,NA,NA,NA,NA,NA,NA,NA,197,571,250,310,431,707
The Queensway and Kipling Ave.Â ,NA,NA,NA,NA,NA,NA,NA,NA,NA,NA,0,75,222,171,145,161
Finch Ave. and Gordon Baker Rd. / HWY 404 N Ramp,NA,NA,NA,NA,NA,NA,NA,NA,NA,NA,66,504,498,405,510,138
Jarvis St. and Isabella St.,NA,NA,NA,NA,NA,NA,NA,NA,NA,NA,83,27,20,1,2,3
Danforth Rd. and Brimley Rd.,NA,NA,NA,NA,NA,NA,NA,NA,NA,NA,1668,1714,1468,1192,739,1168
Dundas St. and River St.,NA,NA,NA,NA,NA,NA,NA,NA,NA,NA,174,268,209,122,147*,4
McCowan Rd. and McNicoll Ave.,NA,NA,NA,NA,NA,NA,NA,NA,NA,NA,321,355,287,348,371,256
St. Clair Ave. and Gunns Rd. / Old Stock Yards Rd.,NA,NA,NA,NA,NA,NA,NA,NA,NA,NA,106,188,148,358,492,515
Spadina Ave. and King St.,NA,NA,NA,NA,NA,NA,NA,NA,NA,NA,363,1786,1520,1387,935,0
Sheppard Ave. and McCowan Rd.,NA,NA,NA,NA,NA,NA,NA,NA,NA,NA,453,538,519,339,946,668
King St. and Parliament St.,NA,NA,NA,NA,NA,NA,NA,NA,NA,NA,83,148,93,100,60,143
Rexdale Blvd. and Martin Grove Rd.,NA,NA,NA,NA,NA,NA,NA,NA,NA,NA,330,421,359,243,185,352
The Queensway and The East Mall,NA,NA,NA,NA,NA,NA,NA,NA,NA,NA,174,937,809,749,814,871
St. Clair Ave. and Spadina Rd.,NA,NA,NA,NA,NA,NA,NA,NA,NA,NA,209,262,147,122,104,381
Dufferin St. and Finch Ave.,NA,NA,NA,NA,NA,NA,NA,NA,NA,NA,457,624,219,291,289,283
Islington Ave. and Evans Ave.,NA,NA,NA,NA,NA,NA,NA,NA,NA,NA,122,95,477,731,545,507
Eglinton Ave. and Martin Grove Rd.,NA,NA,NA,NA,NA,NA,NA,NA,NA,NA,561,790,837,907,991,798
Finch Ave. and Brimley Rd.,NA,NA,NA,NA,NA,NA,NA,NA,NA,NA,123,102,103,75,109,209
Lake Shore Blvd. and Jameson Ave.,NA,NA,NA,NA,NA,NA,NA,NA,NA,NA,2139,3336,3125,1692,973,1457
Eglinton Ave. and Danforth Rd.,NA,NA,NA,NA,NA,NA,NA,NA,NA,NA,2222,1729,1380,998,822,921
Neilson Rd. and McLevin Ave.,NA,NA,NA,NA,NA,NA,NA,NA,NA,NA,122,203,155,148,141,139
Simcoe St. and Wellington St.,NA,NA,NA,NA,NA,NA,NA,NA,NA,NA,15,49,51,34,26,1
Jane St. and Stong Crt. / York Gate Blvd.,NA,NA,NA,NA,NA,NA,NA,NA,NA,NA,326,1239,1136,1005,1060,1705
Ellesmere Rd. and Bellamy Rd.,NA,NA,NA,NA,NA,NA,NA,NA,NA,NA,290,441,352,241,276,398
Lawrence Ave. and Kennedy Rd.,NA,NA,NA,NA,NA,NA,NA,NA,NA,NA,100,81,38,118,168,156
Warden Ave. and Comstock Rd.,NA,NA,NA,NA,NA,NA,NA,NA,NA,NA,463,444,298,206,404,649
Sheppard Ave. and Malvern St. / Progress Ave.,NA,NA,NA,NA,NA,NA,NA,NA,NA,NA,198,208,163,234,201,235
Rexdale Blvd. and Kipling Ave.,NA,NA,NA,NA,NA,NA,NA,NA,NA,NA,52,70,111,220,214,200
Weston Rd. and Lawrence Ave.,NA,NA,NA,NA,NA,NA,NA,NA,NA,NA,52,303,224,242,0,0
Islington Ave. and Albion Rd.,NA,NA,NA,NA,NA,NA,NA,NA,NA,NA,67,127,102,81,228,180
Islington Ave. and The Queensway,NA,NA,NA,NA,NA,NA,NA,NA,NA,NA,0,94,65,107,63*,NA
Yonge St. and Steeles Ave.,NA,NA,NA,NA,NA,NA,NA,NA,NA,NA,128,170,6,0,0,92
St. Clair Ave. and Runnymede Rd.,NA,NA,NA,NA,NA,NA,NA,NA,NA,NA,156,367,331,221,922,965
Warden Ave. and Ashtonbee Rd.,NA,NA,NA,NA,NA,NA,NA,NA,NA,NA,1083,1254,866,755,1045,1660
Finch Ave. and Signet Dr.*,NA,NA,NA,NA,NA,NA,NA,NA,NA,NA,523,723,0,0,0,NA
Keele St. and Lawrence Ave.,NA,NA,NA,NA,NA,NA,NA,NA,NA,NA,165,374,327,287,659,737
Birchmount Rd. and McNicoll Ave.,NA,NA,NA,NA,NA,NA,NA,NA,NA,NA,89,269,373,274,624,537
Finch Ave. and Middlefield Rd.,NA,NA,NA,NA,NA,NA,NA,NA,NA,NA,193,231,169,141,123,130
Dixon Rd. and Islington Ave.,NA,NA,NA,NA,NA,NA,NA,NA,NA,NA,15,364,286,170,334,1114
Spadina Ave. and Bremner Blvd. / Fort York Blvd.,NA,NA,NA,NA,NA,NA,NA,NA,NA,NA,215,605,498,1880,1539,1916
The Queensway and Royal York Rd.,NA,NA,NA,NA,NA,NA,NA,NA,NA,NA,49,43,31,23,10,17
Lake Shore Blvd. and Strachan Ave.,NA,NA,NA,NA,NA,NA,NA,NA,NA,NA,104,756,510,204,217,217
Lawrence Ave. and Markham Rd.,NA,NA,NA,NA,NA,NA,NA,NA,NA,NA,106,128,108,203,258,208
Jane St. and Falstaff Ave.,NA,NA,NA,NA,NA,NA,NA,NA,NA,NA,111,692,684,497,861,1157
Avenue Rd. and Lawrence Ave.,NA,NA,NA,NA,NA,NA,NA,NA,NA,NA,151,130,121,72,672,803
Highway 27 and Finch Ave.*,NA,NA,NA,NA,NA,NA,NA,NA,NA,NA,346,153,0,0,0,NA
Pharmacy Ave. and McNicoll Ave.,NA,NA,NA,NA,NA,NA,NA,NA,NA,NA,221,182,256,175,151,183
Markham Rd. and Progress Ave.,NA,NA,NA,NA,NA,NA,NA,NA,NA,NA,23,58,47,14,58,75
Markham Rd. and Sheppard Ave.,NA,NA,NA,NA,NA,NA,NA,NA,NA,NA,571,720,636,354,660,556
Don Mills Rd. and Van Horne Ave.,NA,NA,NA,NA,NA,NA,NA,NA,NA,NA,540,150,585,366,246,576
Sheppard Ave. and Morningside Ave.,NA,NA,NA,NA,NA,NA,NA,NA,NA,NA,261,216,68,0,0,0
Morningside Ave. and Milner Ave.,NA,NA,NA,NA,NA,NA,NA,NA,NA,NA,625,494,150,242,193,172
Finch Ave. and Norfinch Dr. / Oakdale Rd.*,NA,NA,NA,NA,NA,NA,NA,NA,NA,NA,35,15,0,0,0,NA
Kennedy Rd. and McNicoll Ave.,NA,NA,NA,NA,NA,NA,NA,NA,NA,NA,152,637,602,1110,1032,947
Ellesmere Rd. and Markham Rd.,NA,NA,NA,NA,NA,NA,NA,NA,NA,NA,NA,119,118,116,263,303
Bloor St. and Keele St. / Parkside Dr.,NA,NA,NA,NA,NA,NA,NA,NA,NA,NA,NA,244,832,493,100,90
Eglinton Ave. and Scarlett Rd.,NA,NA,NA,NA,NA,NA,NA,NA,NA,NA,NA,NA,21,43,83,30
Steeles Ave. and Dufferin St.,NA,NA,NA,NA,NA,NA,NA,NA,NA,NA,NA,120,286,294,226,301
Dufferin St. and Dupont St.,NA,NA,NA,NA,NA,NA,NA,NA,NA,NA,NA,13,105,43,251,318
Bloor St. and Islington Ave.,NA,NA,NA,NA,NA,NA,NA,NA,NA,NA,NA,NA,11,47,36,56
Steeles Ave. and Highway 27,NA,NA,NA,NA,NA,NA,NA,NA,NA,NA,NA,NA,30,137,146,207
Don Mills Rd. and Sheppard Ave.,NA,NA,NA,NA,NA,NA,NA,NA,NA,NA,NA,NA,98,276,149,172
Steeles Ave. and Signet Dr.,NA,NA,NA,NA,NA,NA,NA,NA,NA,NA,NA,NA,318,401,727,958
Kennedy Rd. and Sheppard Ave,NA,NA,NA,NA,NA,NA,NA,NA,NA,NA,NA,NA,NA,870,752,826
Bathurst St. and Nina St.,NA,NA,NA,NA,NA,NA,NA,NA,NA,NA,NA,NA,NA,41,524,278
Avenue Rd. and Chaplin Cres.,NA,NA,NA,NA,NA,NA,NA,NA,NA,NA,NA,NA,NA,NA,0,1513
Brimley Rd. and Huntingwood Dr.,NA,NA,NA,NA,NA,NA,NA,NA,NA,NA,NA,NA,NA,NA,431,829
Brimley Rd. and Progress Ave.,NA,NA,NA,NA,NA,NA,NA,NA,NA,NA,NA,NA,NA,NA,196,307
Kingston Rd. and Brimley Rd.,NA,NA,NA,NA,NA,NA,NA,NA,NA,NA,NA,NA,NA,NA,230,313
Lawrence Ave. and Scarborough Golf Club Rd.,NA,NA,NA,NA,NA,NA,NA,NA,NA,NA,NA,NA,NA,NA,280,409
Steeles Ave. and Markham Rd.,NA,NA,NA,NA,NA,NA,NA,NA,NA,NA,NA,NA,NA,NA,281,292
Steeles Ave. and Bathurst St.,NA,NA,NA,NA,NA,NA,NA,NA,NA,NA,NA,NA,NA,NA,0,188
Strachan Ave. and Wellington St.,NA,NA,NA,NA,NA,NA,NA,NA,NA,NA,NA,NA,NA,NA,47,101
University Ave. and College St.,NA,NA,NA,NA,NA,NA,NA,NA,NA,NA,NA,NA,NA,NA,80,230
University Ave. and Dundas St.,NA,NA,NA,NA,NA,NA,NA,NA,NA,NA,NA,NA,NA,NA,832,1658
Warden Ave. and Ellesmere Rd.,NA,NA,NA,NA,NA,NA,NA,NA,NA,NA,NA,NA,NA,NA,781,1323
Warden Ave. and Bridletowne Crcl. (South Intersection),NA,NA,NA,NA,NA,NA,NA,NA,NA,NA,NA,NA,NA,NA,6,435
Willowdale Ave. and Bishop Ave.,NA,NA,NA,NA,NA,NA,NA,NA,NA,NA,NA,NA,NA,NA,51,98
Steeles Ave. and Warden Ave.,NA,NA,NA,NA,NA,NA,NA,NA,NA,NA,NA,NA,NA,NA,NA,15
Cummer Ave. and Willowdale Ave.,NA,NA,NA,NA,NA,NA,NA,NA,NA,NA,NA,NA,NA,NA,555,285
Sheppard Ave. and Victoria Park Ave.,NA,NA,NA,NA,NA,NA,NA,NA,NA,NA,NA,NA,NA,NA,193,231
Bathurst St. and Finch Ave.,NA,NA,NA,NA,NA,NA,NA,NA,NA,NA,NA,NA,NA,NA,27,215
Finch Ave. and Don Mills Rd.,NA,NA,NA,NA,NA,NA,NA,NA,NA,NA,NA,NA,NA,NA,82,323
Ellesmere Rd. and Midland Ave.,NA,NA,NA,NA,NA,NA,NA,NA,NA,NA,NA,NA,NA,NA,NA,219
Steeles Ave. and Jane St.,NA,NA,NA,NA,NA,NA,NA,NA,NA,NA,NA,NA,NA,NA,491,397
Sheppard Ave. and Jane St.,NA,NA,NA,NA,NA,NA,NA,NA,NA,NA,NA,NA,NA,NA,153,192
Lawrence Ave. and Midland Ave.,NA,NA,NA,NA,NA,NA,NA,NA,NA,NA,NA,NA,NA,NA,14,64
McCowan Rd. and Ellesmere Rd.,NA,NA,NA,NA,NA,NA,NA,NA,NA,NA,NA,NA,NA,NA,81,145
Dufferin St. and Bridgeland Ave.,NA,NA,NA,NA,NA,NA,NA,NA,NA,NA,NA,NA,NA,NA,NA,152
McCowan Rd. and Brimorton Dr.,NA,NA,NA,NA,NA,NA,NA,NA,NA,NA,NA,NA,NA,NA,1056,1102
Highway 27 and Rexdale Blvd.,NA,NA,NA,NA,NA,NA,NA,NA,NA,NA,NA,NA,NA,NA,82,41
Bathrust St. and Wilson Ave.,NA,NA,NA,NA,NA,NA,NA,NA,NA,NA,NA,NA,NA,NA,275,504
Jarvis St. and Shuter St.,NA,NA,NA,NA,NA,NA,NA,NA,NA,NA,NA,NA,NA,NA,724,1339
Lawrence Ave. and Greencrest Crct.,NA,NA,NA,NA,NA,NA,NA,NA,NA,NA,NA,NA,NA,NA,730,1321
Steeles Ave. and Martin Grove Rd.,NA,NA,NA,NA,NA,NA,NA,NA,NA,NA,NA,NA,NA,NA,358,647
Lake Shore Blvd. and Lower Simcoe St.,NA,NA,NA,NA,NA,NA,NA,NA,NA,NA,NA,NA,NA,NA,14,23
Martin Grove Rd. and Belfield Rd.,NA,NA,NA,NA,NA,NA,NA,NA,NA,NA,NA,NA,NA,NA,112,115
Finch Ave. and Markham Rd.,NA,NA,NA,NA,NA,NA,NA,NA,NA,NA,NA,NA,NA,NA,1033,1122
Finch Ave. and Warden Ave.,NA,NA,NA,NA,NA,NA,NA,NA,NA,NA,NA,NA,NA,NA,224,323
Lawrence Ave. and Pharmacy Ave.,NA,NA,NA,NA,NA,NA,NA,NA,NA,NA,NA,NA,NA,NA,324,977
Jane St. and Dundas St.,NA,NA,NA,NA,NA,NA,NA,NA,NA,NA,NA,NA,NA,NA,NA,232
Eglinton Ave. and Brimley Rd.,NA,NA,NA,NA,NA,NA,NA,NA,NA,NA,NA,NA,NA,NA,NA,89
Eglinton Ave. and Markham Rd.,NA,NA,NA,NA,NA,NA,NA,NA,NA,NA,NA,NA,NA,NA,183,374
McCowan Rd. and Consilium Pl. (on hold for construction),NA,NA,NA,NA,NA,NA,NA,NA,NA,NA,NA,NA,NA,NA,NA,105
St. Clair Ave. and Danforth Rd.,NA,NA,NA,NA,NA,NA,NA,NA,NA,NA,NA,NA,NA,NA,145,102
Lawrence Ave. and McCowan Rd.,NA,NA,NA,NA,NA,NA,NA,NA,NA,NA,NA,NA,NA,NA,284,509
Morningside Ave. and Hwy. 401 N Ramp,NA,NA,NA,NA,NA,NA,NA,NA,NA,NA,NA,NA,NA,NA,487,643
Bellamy Rd. and Brimorton Dr.,NA,NA,NA,NA,NA,NA,NA,NA,NA,NA,NA,NA,NA,NA,232,328
Weston rd. and Fenmar Dr.,NA,NA,NA,NA,NA,NA,NA,NA,NA,NA,NA,NA,NA,NA,167,344
Markham Rd. and McNicoll Ave.,NA,NA,NA,NA,NA,NA,NA,NA,NA,NA,NA,NA,NA,NA,537,670
Lawrence Ave. and Warden Ave.,NA,NA,NA,NA,NA,NA,NA,NA,NA,NA,NA,NA,NA,NA,272,352
Kippling Ave. and Widdicombe Hill,NA,NA,NA,NA,NA,NA,NA,NA,NA,NA,NA,NA,NA,NA,255,647
Steeles Ave. and Warden Ave.,NA,NA,NA,NA,NA,NA,NA,NA,NA,NA,NA,NA,NA,NA,2,203
Lawrence Ave. and Brimley Rd.,NA,NA,NA,NA,NA,NA,NA,NA,NA,NA,NA,NA,NA,NA,195,563
William R. Allen Rd. and Sheppard Ave. W,NA,NA,NA,NA,NA,NA,NA,NA,NA,NA,NA,NA,NA,NA,275,485
Midland Ave. and Copthorne Ave.,NA,NA,NA,NA,NA,NA,NA,NA,NA,NA,NA,NA,NA,NA,76,160
Lawrence Ave. and The Donway E,NA,NA,NA,NA,NA,NA,NA,NA,NA,NA,NA,NA,NA,NA,NA,150
Sheppard Ave. and Midland Ave.,NA,NA,NA,NA,NA,NA,NA,NA,NA,NA,NA,NA,NA,NA,NA,19
Steeles Ave. and Don Mills Rd.,NA,NA,NA,NA,NA,NA,NA,NA,NA,NA,NA,NA,NA,NA,50,239
Jarvis St. and Dundas St. (on hold too much construction),NA,NA,NA,NA,NA,NA,NA,NA,NA,NA,NA,NA,NA,NA,NA,9
Avenue Rd. and Bloor St.,NA,NA,NA,NA,NA,NA,NA,NA,NA,NA,NA,NA,NA,NA,NA,4
Finch Ave. and McCowan Rd.,NA,NA,NA,NA,NA,NA,NA,NA,NA,NA,NA,NA,NA,NA,7,59
Steeles Ave. and Kennedy Rd.,NA,NA,NA,NA,NA,NA,NA,NA,NA,NA,NA,NA,NA,NA,NA,15
Steeles Ave. and Alness St.,NA,NA,NA,NA,NA,NA,NA,NA,NA,NA,NA,NA,NA,NA,108,226
Markham Rd. and McLevin Ave.,NA,NA,NA,NA,NA,NA,NA,NA,NA,NA,NA,NA,NA,NA,4,1206
Burnhamthorpe Rd. and Martin Grove Rd.,NA,NA,NA,NA,NA,NA,NA,NA,NA,NA,NA,NA,NA,NA,NA,809
Burnhamthorpe Rd. and The West Mall,NA,NA,NA,NA,NA,NA,NA,NA,NA,NA,NA,NA,NA,NA,72,152
Markham rd. and Milner Ave.,NA,NA,NA,NA,NA,NA,NA,NA,NA,NA,NA,NA,NA,NA,34,163
Finch Ave. W. and Martin Grove Rd.,NA,NA,NA,NA,NA,NA,NA,NA,NA,NA,NA,NA,NA,NA,NA,72
Jane St. and St. Clair Ave. W.,NA,NA,NA,NA,NA,NA,NA,NA,NA,NA,NA,NA,NA,NA,34,164
Finch Ave. E. and Neilson Rd.,NA,NA,NA,NA,NA,NA,NA,NA,NA,NA,NA,NA,NA,NA,122,243
Lawrence Ave. and Howden Rd.,NA,NA,NA,NA,NA,NA,NA,NA,NA,NA,NA,NA,NA,NA,77,2648
Finch Ave. and Tapscott Rd.,NA,NA,NA,NA,NA,NA,NA,NA,NA,NA,NA,NA,NA,NA,NA,36
Kennedy Rd. and Finch Ave. E.,NA,NA,NA,NA,NA,NA,NA,NA,NA,NA,NA,NA,NA,NA,29,158
Finch Ave. E. and Kenneth Ave.,NA,NA,NA,NA,NA,NA,NA,NA,NA,NA,NA,NA,NA,NA,6,133
Danforth Ave. and Warden Ave.,NA,NA,NA,NA,NA,NA,NA,NA,NA,NA,NA,NA,NA,NA,NA,37
Willowdale Ave. and Spring Garden Ave.,NA,NA,NA,NA,NA,NA,NA,NA,NA,NA,NA,NA,NA,NA,7,205
O'Connor Dr. and Sunrise Ave.,NA,NA,NA,NA,NA,NA,NA,NA,NA,NA,NA,NA,NA,NA,16,137
Martin Grove Rd. and Bethridge Rd.,NA,NA,NA,NA,NA,NA,NA,NA,NA,NA,NA,NA,NA,NA,174,475
Kingston Rd. and Lawrence Ave.,NA,NA,NA,NA,NA,NA,NA,NA,NA,NA,NA,NA,NA,NA,NA,303
Ellesmere Rd. and Brimley Rd.,NA,NA,NA,NA,NA,NA,NA,NA,NA,NA,NA,NA,NA,NA,NA,200
Brimley Rd. and Sheppard Ave. E,NA,NA,NA,NA,NA,NA,NA,NA,NA,NA,NA,NA,NA,NA,78,379
Markham Rd. and Greencedar Crct.,NA,NA,NA,NA,NA,NA,NA,NA,NA,NA,NA,NA,NA,NA,16,161
Rexdale Blvd. and Queens Plate Dr.,NA,NA,NA,NA,NA,NA,NA,NA,NA,NA,NA,NA,NA,NA,NA,583
Yonge St. and Richmond St.,NA,NA,NA,NA,NA,NA,NA,NA,NA,NA,NA,NA,NA,NA,NA,72
Evans Ave. and Horner Ave.,NA,NA,NA,NA,NA,NA,NA,NA,NA,NA,NA,NA,NA,NA,45,204
Kingston Rd. and Warden Ave.,NA,NA,NA,NA,NA,NA,NA,NA,NA,NA,NA,NA,NA,NA,NA,108
Dundas St. 275 M N of Royal York Rd.,NA,NA,NA,NA,NA,NA,NA,NA,NA,NA,NA,NA,NA,NA,166,1172
McCowan Rd. 210M S of Alton Towers Circle,NA,NA,NA,NA,NA,NA,NA,NA,NA,NA,NA,NA,NA,NA,33,1020
Jane St. and William Cragg Dr.,NA,NA,NA,NA,NA,NA,NA,NA,NA,NA,NA,NA,NA,NA,10,307
Neilson Rd. and Military Trl.,NA,NA,NA,NA,NA,NA,NA,NA,NA,NA,NA,NA,NA,NA,NA,439
Martin Grove Rd and John Garland Blvd.,NA,NA,NA,NA,NA,NA,NA,NA,NA,NA,NA,NA,NA,NA,NA,188
Bayview Ave. and Finch Ave. E,NA,NA,NA,NA,NA,NA,NA,NA,NA,NA,NA,NA,NA,NA,NA,NA
Lake Shore Blvd. and Bathurst st,NA,NA,NA,NA,NA,NA,NA,NA,NA,NA,NA,NA,NA,NA,NA,144
Bayview Ave. and Finch Ave. E,NA,NA,NA,NA,NA,NA,NA,NA,NA,NA,NA,NA,NA,NA,NA,87
O'Connor Dr. and Pape Ave.,NA,NA,NA,NA,NA,NA,NA,NA,NA,NA,NA,NA,NA,NA,NA,779
Meadowvale Rd. and Dean Oark Rd.,NA,NA,NA,NA,NA,NA,NA,NA,NA,NA,NA,NA,NA,NA,NA,570
Ellesmere Rd. and Morningside Ave.,NA,NA,NA,NA,NA,NA,NA,NA,NA,NA,NA,NA,NA,NA,NA,1
McCowan rd. and Alton Towers Crcl. (N Side),NA,NA,NA,NA,NA,NA,NA,NA,NA,NA,NA,NA,NA,NA,NA,257
Islington Ave. and Millwick Dr.,NA,NA,NA,NA,NA,NA,NA,NA,NA,NA,NA,NA,NA,NA,NA,25
Pharmacy Ave. and St. Clair Ave. E.,NA,NA,NA,NA,NA,NA,NA,NA,NA,NA,NA,NA,NA,NA,NA,122
Yonge St. and Athabaska Ave.,NA,NA,NA,NA,NA,NA,NA,NA,NA,NA,NA,NA,NA,NA,NA,808
McCowan Rd. and Bushby Rd.,NA,NA,NA,NA,NA,NA,NA,NA,NA,NA,NA,NA,NA,NA,NA,350
Empress Ave. and Yonge St,NA,NA,NA,NA,NA,NA,NA,NA,NA,NA,NA,NA,NA,NA,NA,399
Warden ave. and Huntingwood Dr.,NA,NA,NA,NA,NA,NA,NA,NA,NA,NA,NA,NA,NA,NA,NA,468
Lawrence Ave. and Birchmount Rd.,NA,NA,NA,NA,NA,NA,NA,NA,NA,NA,NA,NA,NA,NA,NA,153
Bloor St. and Royal York Rd.,NA,NA,NA,NA,NA,NA,NA,NA,NA,NA,NA,NA,NA,NA,NA,172
Eglinton Ave. and Kipling Ave.,NA,NA,NA,NA,NA,NA,NA,NA,NA,NA,NA,NA,NA,NA,NA,35
The East Mall and North Queen St.,NA,NA,NA,NA,NA,NA,NA,NA,NA,NA,NA,NA,NA,NA,NA,68
Albion Rd. and Martin Grove Rd.,NA,NA,NA,NA,NA,NA,NA,NA,NA,NA,NA,NA,NA,NA,NA,43
Islington Ave. and Elmhurst Dr.,NA,NA,NA,NA,NA,NA,NA,NA,NA,NA,NA,NA,NA,NA,NA,87
Pharmacy Ave. and Surrey ave,NA,NA,NA,NA,NA,NA,NA,NA,NA,NA,NA,NA,NA,NA,NA,81
Keele St. and 401 C W Keele St. Ramp,NA,NA,NA,NA,NA,NA,NA,NA,NA,NA,NA,NA,NA,NA,NA,1314
Jarvis St. and Gerrard St.,NA,NA,NA,NA,NA,NA,NA,NA,NA,NA,NA,NA,NA,NA,NA,72
Sheppard Ave. and Washburn Way/Lapsley Rd.,NA,NA,NA,NA,NA,NA,NA,NA,NA,NA,NA,NA,NA,NA,NA,21
Steeles Ave. and Middlefield Rd.,NA,NA,NA,NA,NA,NA,NA,NA,NA,NA,NA,NA,NA,NA,NA,61
Victoria Park Ave. and Van Horne Ave.,NA,NA,NA,NA,NA,NA,NA,NA,NA,NA,NA,NA,NA,NA,NA,240
Morningside Ave. and Finch Ave.,NA,NA,NA,NA,NA,NA,NA,NA,NA,NA,NA,NA,NA,NA,NA,1085
Finch Ave. and Pharmacy Ave,NA,NA,NA,NA,NA,NA,NA,NA,NA,NA,NA,NA,NA,NA,NA,257
Sheppard Ave. and Breckon Gt./Brenyon Way,NA,NA,NA,NA,NA,NA,NA,NA,NA,NA,NA,NA,NA,NA,NA,58
Sheppard ave. and Leslie St.,NA,NA,NA,NA,NA,NA,NA,NA,NA,NA,NA,NA,NA,NA,NA,1053
Dufferin St. and Lawrence Ave. W.,NA,NA,NA,NA,NA,NA,NA,NA,NA,NA,NA,NA,NA,NA,NA,21
Church St. and Carlton St.,NA,NA,NA,NA,NA,NA,NA,NA,NA,NA,NA,NA,NA,NA,NA,1
Eglinton Ave. and Centennial Park Blvd.,NA,NA,NA,NA,NA,NA,NA,NA,NA,NA,NA,NA,NA,NA,NA,30
Jane St. and Maple Leaf Dr.,NA,NA,NA,NA,NA,NA,NA,NA,NA,NA,NA,NA,NA,NA,NA,14
Caledonia Rd. and Castlefield Ave.,NA,NA,NA,NA,NA,NA,NA,NA,NA,NA,NA,NA,NA,NA,NA,178
Morningside Ave. and Casebridge Crt.,NA,NA,NA,NA,NA,NA,NA,NA,NA,NA,NA,NA,NA,NA,NA,11
Scarborough Golf Club Rd. and Kingston rl.,NA,NA,NA,NA,NA,NA,NA,NA,NA,NA,NA,NA,NA,NA,NA,106
Don Mills Rd. and Overlea Blvd./Gateway Blvd.,NA,NA,NA,NA,NA,NA,NA,NA,NA,NA,NA,NA,NA,NA,NA,1
Pharmacy Ave. and Huntingdale Blvd.,NA,NA,NA,NA,NA,NA,NA,NA,NA,NA,NA,NA,NA,NA,NA,13
Victoria Park Ave. and Gordon Baker Rd.,NA,NA,NA,NA,NA,NA,NA,NA,NA,NA,NA,NA,NA,NA,NA,162
Markham Rd. and Brimorton Dr.,NA,NA,NA,NA,NA,NA,NA,NA,NA,NA,NA,NA,NA,NA,NA,199
Highway 27 and Carrier Dr.,NA,NA,NA,NA,NA,NA,NA,NA,NA,NA,NA,NA,NA,NA,NA,3
Kennedy Rd. and Progress Ave./Glamorgan Ave.,NA,NA,NA,NA,NA,NA,NA,NA,NA,NA,NA,NA,NA,NA,NA,49
Kennedy rd. and Progress Ave./Glamorgan Ave.,NA,NA,NA,NA,NA,NA,NA,NA,NA,NA,NA,NA,NA,NA,NA,169
Victoria Park Ave. and Old Sheppard Ave.,NA,NA,NA,NA,NA,NA,NA,NA,NA,NA,NA,NA,NA,NA,NA,37
Victoria Park Ave. and Jonesville Cres./Craigton Dr.,NA,NA,NA,NA,NA,NA,NA,NA,NA,NA,NA,NA,NA,NA,NA,11
Bridletown Crcl. And Finch Ave. (W Intersection),NA,NA,NA,NA,NA,NA,NA,NA,NA,NA,NA,NA,NA,NA,NA,73
Victoria Park Ave. and Ellesmere Rd.,NA,NA,NA,NA,NA,NA,NA,NA,NA,NA,NA,NA,NA,NA,NA,44
Finch Ave. and Sandhurst Crcl. (W Intersection),NA,NA,NA,NA,NA,NA,NA,NA,NA,NA,NA,NA,NA,NA,NA,77
Finch Ave. and Humber College Blvd.,NA,NA,NA,NA,NA,NA,NA,NA,NA,NA,NA,NA,NA,NA,NA,166
Sheppard Ave. and Meadowvale Rd.,NA,NA,NA,NA,NA,NA,NA,NA,NA,NA,NA,NA,NA,NA,NA,116
Ellesmere Rd. and Pharmacy Ave.,NA,NA,NA,NA,NA,NA,NA,NA,NA,NA,NA,NA,NA,NA,NA,62
Middlefield Rd. and McNicoll Ave.,NA,NA,NA,NA,NA,NA,NA,NA,NA,NA,NA,NA,NA,NA,NA,86
Harbour St. and York St.,NA,NA,NA,NA,NA,NA,NA,NA,NA,NA,NA,NA,NA,NA,NA,9
Coxwell Ave. and Mortimer Ave.,NA,NA,NA,NA,NA,NA,NA,NA,NA,NA,NA,NA,NA,NA,NA,9
Victoria Park Ave. and Curlew Dr.,NA,NA,NA,NA,NA,NA,NA,NA,NA,NA,NA,NA,NA,NA,NA,68
Don Mills Rd. and Leith Hill Rd.,NA,NA,NA,NA,NA,NA,NA,NA,NA,NA,NA,NA,NA,NA,NA,107
